Structure,Mixed glass,Glass wool,Glass wool,Mixed glass,Glass wool,Mixed glass,Glass wool,Mixed glass,Glass wool,Glass wool,Broth,Broth,Mixed glass,Mixed glass,Mixed glass,Broth,Broth,Glass wool,Broth,Broth,Mixed glass,Glass wool,Broth,Broth,Glass wool,Mixed glass,Glass wool,Mixed glass,Glass wool,Mixed glass,Mixed glass,Broth,Broth,Glass wool,Mixed glass,Broth,Broth,Broth,Broth,Glass wool,Glass wool,Glass wool,Broth,Mixed glass,Glass wool,Mixed glass,Mixed glass,Glass wool,Mixed glass,Mixed glass,Mixed glass,Broth,Broth,Broth,Mixed glass,Broth,Glass wool,Broth,Glass wool,Glass wool,Mixed glass,Glass wool,Broth,Mixed glass
Substrate,Glucose,Cellobiose,Glucose,Cellobiose,Glucose,Cellobiose,Glucose,Glucose,Glucose,Glucose,Glucose,Glucose,Cellobiose,Glucose,Glucose,Glucose,Glucose,Cellobiose,Cellobiose,Cellobiose,Cellobiose,Cellobiose,Cellobiose,Cellobiose,Glucose,Glucose,Cellobiose,Cellobiose,Cellobiose,Glucose,Glucose,Glucose,Glucose,Cellobiose,Glucose,Glucose,Cellobiose,Glucose,Glucose,Glucose,Glucose,Glucose,Cellobiose,Glucose,Cellobiose,Cellobiose,Cellobiose,Glucose,Glucose,Glucose,Cellobiose,Cellobiose,Glucose,Glucose,Cellobiose,Cellobiose,Glucose,Cellobiose,Glucose,Cellobiose,Cellobiose,Cellobiose,Cellobiose,Cellobiose
Day,2,5,2,2,5,5,1,2,1,2,2,5,5,1,1,5,2,1,5,2,5,2,5,1,5,5,1,1,1,1,5,1,1,5,5,5,5,1,2,5,5,1,5,1,5,2,5,2,2,5,1,5,1,5,1,1,5,2,1,5,2,2,1,1
Sample,MG12,GC1,GG9,MC12,GG4,MC4,GG5,MG9,GG6,GG10,BG12,BG1,MC3,MG5,MG8,BG3,BG9,GC7,BC11,BC9,MC1,GC9,BC3,BC8,GG12,MG4,GC5,MC7,GC8,MG6,MG2,BG8,BG5,GC2,MG1,BG2,BC4,BG7,BG10,GG1,GG3,GG8,BC1,MG7,GC4,MC9,MC2,GC10,MG10,MG3,MC6,BC2,BG6,BG4,MC5,BC6,GG2,BC12,GG7,GC3,MC10,GC11,BC7,MC8
OTU_417,0,0,0,0,0,10.1010101,0,0,0,0,0,0,0,0,0,0,0,0,0,0,0,0,0,0,0,0,30.3030303,8.928571429,0,0,0,0,0,0,0,0,0,0,0,0,0,0,0,0,0,0,0,0,0,19.60784314,0,0,0,0,0,0,0,0,0,0,0,0,0,0
OTU_52,0,0,0,0,0,0,0,0,0,0,0,0,0,0,0,0,0,0,0,0,0,0,0,0,0,0,0,0,0,0,0,0,0,0,0,0,0,0,0,0,0,0,0,0,0,0,0,0,0,19.60784314,0,0,0,0,0,0,0,0,0,0,0,0,0,0
OTU_46,0,0,0,0,0,0,0,0,0,0,0,0,0,0,0,0,0,0,0,0,0,0,0,0,0,0,0,0,0,0,0,0,0,0,10.98901099,0,0,0,0,0,0,0,0,0,0,0,0,0,0,0,0,0,0,0,0,0,0,0,0,0,0,0,0,0
OTU_221,0,0,0,40.54054054,68.96551724,0,0,0,0,0,0,0,0,0,0,0,0,0,0,0,0,0,0,0,0,0,0,0,0,0,0,0,0,0,0,0,0,0,0,6.289308176,0,0,0,0,0,0,0,0,0,0,0,0,0,0,0,0,0,0,0,0,0,0,0,0
OTU_111,0,0,0,0,0,0,0,0,0,0,0,0,0,0,0,0,0,0,0,0,0,0,0,0,0,0,0,17.85714286,0,0,0,0,0,0,0,0,0,0,0,0,0,0,0,0,0,0,0,0,0,0,0,0,0,0,0,0,0,0,0,0,0,0,0,0
OTU_62,35.0877193,12.98701299,0,0,103.4482759,30.3030303,0,0,0,0,0,863.6363636,78.43137255,0,0,0,0,0,0,0,35.0877193,0,52.63157895,0,0,85.71428571,0,0,0,0,0,0,34.48275862,0,98.9010989,0,0,0,0,113.2075472,137.9310345,0,32.25806452,0,0,0,56.33802817,0,0,19.60784314,17.85714286,0,0,0,4.830917874,0,0,0,29.41176471,0,0,0,0,0
OTU_118,87.71929825,38.96103896,0,0,0,0,0,0,0,0,0,0,0,0,0,0,0,0,0,0,0,0,0,0,0,0,0,0,0,0,0,0,0,0,175.8241758,0,0,0,0,0,0,0,0,0,0,0,0,0,0,156.8627451,5.952380952,0,0,0,0,0,0,0,0,0,0,0,0,0
OTU_6,2684.210526,909.0909091,1970.588235,4459.459459,758.6206897,4929.292929,7518.518519,3267.605634,1574.074074,3428.571429,482.1428571,3204.545455,1117.647059,7044.444444,21924.5283,1967.741935,1633.333333,841.2698413,0,558.1395349,2333.333333,189.1891892,842.1052632,1422.222222,1545.454545,714.2857143,1848.484848,14571.42857,1163.265306,1896.551724,1687.5,625,2172.413793,915.2542373,2307.692308,1020.833333,1744.680851,931.0344828,642.8571429,1194.968553,2017.241379,1675.324675,2290.322581,5970.588235,580.6451613,9133.333333,2197.183099,571.4285714,800,941.1764706,2702.380952,444.4444444,708.3333333,1351.851852,6652.173913,692.3076923,1698.113208,1184.210526,3117.647059,1071.428571,4000,3333.333333,1588.235294,4112.244898
OTU_665,35.0877193,0,0,27.02702703,0,40.4040404,0,0,0,0,0,0,0,0,37.73584906,0,0,15.87301587,0,0,0,0,0,0,0,0,0,17.85714286,0,34.48275862,0,0,0,0,0,0,0,0,0,0,0,0,0,0,0,66.66666667,0,0,0,0,23.80952381,0,0,0,19.3236715,0,18.86792453,0,0,0,0,0,0,30.6122449
OTU_717,0,0,29.41176471,13.51351351,0,0,37.03703704,14.08450704,0,0,0,0,0,44.44444444,37.73584906,0,0,0,0,0,35.0877193,0,0,0,0,0,30.3030303,8.928571429,0,0,0,125,0,0,0,0,0,0,0,12.57861635,0,0,0,0,0,13.33333333,0,0,0,0,5.952380952,0,0,0,14.49275362,25.64102564,18.86792453,0,0,0,13.33333333,0,0,0
OTU_841,0,0,0,13.51351351,0,0,0,0,0,0,0,0,0,0,0,0,0,0,0,0,0,0,0,0,0,0,0,8.928571429,0,0,0,0,0,0,0,0,0,0,0,0,0,0,0,0,0,0,0,0,0,0,0,0,0,0,0,0,0,0,0,0,0,0,0,0
OTU_523,0,0,0,0,0,0,0,0,0,0,0,0,0,22.22222222,18.86792453,0,0,0,0,0,0,0,0,0,0,0,0,0,0,0,0,0,0,0,0,0,0,0,0,0,0,0,0,0,0,0,0,0,0,0,0,0,0,0,0,0,0,0,0,0,0,0,0,0
OTU_587,0,0,0,0,0,0,0,0,0,0,0,0,0,0,0,0,0,0,0,0,0,0,0,0,0,0,0,0,0,0,0,0,0,0,0,0,0,0,0,0,0,0,0,0,0,0,56.33802817,0,0,0,0,0,0,0,0,0,0,0,0,0,0,0,0,0
OTU_777,35.0877193,0,235.2941176,135.1351351,68.96551724,90.90909091,0,309.8591549,37.03703704,500,0,68.18181818,98.03921569,1511.111111,169.8113208,0,33.33333333,0,0,139.5348837,210.5263158,0,157.8947368,0,204.5454545,200,0,62.5,0,34.48275862,31.25,0,68.96551724,0,131.8681319,0,21.27659574,34.48275862,107.1428571,50.31446541,103.4482759,77.92207792,80.64516129,470.5882353,0,80,0,14.28571429,114.2857143,196.0784314,0,37.03703704,145.8333333,148.1481481,0,0,150.9433962,78.94736842,58.82352941,23.80952381,93.33333333,0,0,10.20408163
OTU_1,104684.2105,42246.75325,177382.3529,425094.5946,54827.58621,251040.404,194407.4074,256901.4085,61500,156285.7143,32303.57143,130772.7273,105686.2745,703688.8889,181622.6415,72258.06452,68200,61476.19048,7391.304348,70790.69767,242877.193,27297.2973,71842.10526,74444.44444,115704.5455,89542.85714,113151.5152,379598.2143,67959.18367,104965.5172,84375,95437.5,112275.8621,48813.55932,157131.8681,65895.83333,72510.6383,147275.8621,41642.85714,85433.96226,66793.10345,102844.1558,90112.90323,303647.0588,71838.70968,609880,171619.7183,47857.14286,87542.85714,181686.2745,128988.0952,33259.25926,76791.66667,109111.1111,225304.3478,89743.58974,118603.7736,89000,146705.8824,60904.7619,424320,100472.2222,122470.5882,139551.0204
OTU_613,0,0,0,0,0,0,0,0,0,0,0,0,0,0,0,0,0,0,0,0,0,0,0,0,0,0,0,0,0,0,0,0,0,0,0,0,0,0,0,0,0,0,0,0,0,0,0,0,0,0,0,0,0,0,0,0,0,0,0,0,0,0,0,0
OTU_724,0,0,0,0,68.96551724,0,0,0,0,0,0,0,0,22.22222222,0,0,0,0,0,0,0,0,0,0,0,0,0,0,0,0,0,0,0,0,0,0,0,0,0,0,0,0,0,0,0,0,0,0,0,0,0,0,0,0,0,0,0,0,0,0,0,0,0,0
OTU_646,210.5263158,116.8831169,470.5882353,959.4594595,34.48275862,777.7777778,444.4444444,577.4647887,111.1111111,214.2857143,0,340.9090909,235.2941176,1822.222222,584.9056604,112.9032258,133.3333333,111.1111111,0,93.02325581,508.7719298,27.02702703,105.2631579,200,250,85.71428571,242.4242424,1116.071429,306.122449,68.96551724,343.75,62.5,379.3103448,118.6440678,219.7802198,166.6666667,212.7659574,379.3103448,35.71428571,270.4402516,86.20689655,116.8831169,129.0322581,588.2352941,161.2903226,1480,352.1126761,100,257.1428571,647.0588235,345.2380952,0,125,333.3333333,429.9516908,538.4615385,301.8867925,105.2631579,235.2941176,71.42857143,986.6666667,138.8888889,147.0588235,428.5714286
OTU_502,0,0,0,0,0,0,0,0,0,0,0,0,0,0,0,0,0,0,0,0,0,0,0,0,0,0,0,0,0,0,0,0,0,0,0,0,0,0,0,0,0,38.96103896,0,0,0,0,0,0,28.57142857,0,0,0,0,0,0,0,0,0,0,0,0,0,0,0
OTU_648,0,0,0,0,0,0,0,0,0,47.61904762,0,0,0,0,0,0,0,0,0,0,0,0,0,0,0,0,0,0,0,0,0,62.5,0,0,0,0,0,0,0,0,0,0,0,0,0,0,0,0,0,0,0,0,0,0,0,0,0,0,0,0,0,0,0,0
OTU_620,350.877193,90.90909091,441.1764706,702.7027027,310.3448276,545.4545455,0,971.8309859,111.1111111,1357.142857,17.85714286,136.3636364,215.6862745,3422.222222,358.490566,48.38709677,200,31.74603175,0,209.3023256,596.4912281,0,0,0,272.7272727,428.5714286,30.3030303,464.2857143,0,482.7586207,375,250,310.3448276,50.84745763,604.3956044,145.8333333,21.27659574,275.862069,35.71428571,226.4150943,482.7586207,220.7792208,32.25806452,1205.882353,0,613.3333333,183.0985915,71.42857143,285.7142857,980.3921569,107.1428571,0,208.3333333,203.7037037,135.2657005,25.64102564,924.5283019,131.5789474,235.2941176,23.80952381,560,55.55555556,147.0588235,102.0408163
OTU_50,0,0,0,0,0,0,0,14.08450704,0,0,0,0,0,266.6666667,0,48.38709677,0,0,0,0,0,0,0,0,0,0,0,0,0,0,0,0,68.96551724,0,0,0,0,0,178.5714286,88.05031447,0,0,0,0,0,0,704.2253521,0,0,0,0,0,0,0,0,76.92307692,0,0,0,0,0,0,0,0
OTU_54,0,0,0,40.54054054,0,0,0,0,0,0,0,0,0,0,0,0,0,79.36507937,0,0,0,0,0,0,22.72727273,0,212.1212121,35.71428571,0,103.4482759,0,0,0,0,21.97802198,0,0,0,0,0,0,0,0,0,0,40,0,0,57.14285714,19.60784314,184.5238095,0,20.83333333,0,294.6859903,51.28205128,0,0,0,0,13.33333333,0,0,0
OTU_684,350.877193,519.4805195,941.1764706,5621.621622,344.8275862,3747.474747,703.7037037,619.7183099,222.2222222,428.5714286,250,363.6363636,1686.27451,1688.888889,1150.943396,129.0322581,166.6666667,301.5873016,0,1534.883721,2596.491228,189.1891892,578.9473684,511.1111111,545.4545455,228.5714286,666.6666667,3258.928571,836.7346939,655.1724138,0,312.5,413.7931034,305.0847458,659.3406593,187.5,489.3617021,241.3793103,250,427.672956,568.9655172,363.6363636,403.2258065,1470.588235,1000,6133.333333,1845.070423,271.4285714,257.1428571,568.627451,1255.952381,259.2592593,645.8333333,111.1111111,1439.613527,871.7948718,924.5283019,315.7894737,441.1764706,642.8571429,8320,472.2222222,588.2352941,1204.081633
OTU_5,2052.631579,2428.571429,4911.764706,27648.64865,2103.448276,22585.85859,2925.925926,3239.43662,1055.555556,2928.571429,1000,1750,8529.411765,10488.88889,6377.358491,1403.225806,733.3333333,1301.587302,43.47826087,6023.255814,11140.35088,1135.135135,2578.947368,2666.666667,2250,1942.857143,3090.909091,14401.78571,3489.795918,2620.689655,187.5,1687.5,1793.103448,2457.627119,3417.582418,979.1666667,2553.191489,2344.827586,1392.857143,3100.628931,1724.137931,1688.311688,1822.580645,6852.941176,4322.580645,30320,10507.04225,1728.571429,1000,3627.45098,6220.238095,1277.777778,2541.666667,1648.148148,7314.009662,3358.974359,2452.830189,1578.947368,3500,5500,40160,3361.111111,4558.823529,6357.142857
OTU_454,0,0,0,40.54054054,34.48275862,10.1010101,0,28.16901408,0,0,0,0,0,22.22222222,37.73584906,0,0,0,0,0,35.0877193,0,0,0,0,0,0,26.78571429,0,0,0,0,0,0,0,0,0,0,0,0,0,0,0,0,0,13.33333333,0,0,0,39.21568627,0,0,0,0,0,0,0,0,0,0,0,0,0,0
OTU_651,0,0,0,0,0,0,0,0,0,0,0,0,0,0,0,0,0,0,0,0,0,0,0,0,0,0,0,0,0,0,0,0,0,0,0,0,0,0,0,0,0,0,0,0,0,0,0,0,0,0,0,0,0,0,0,0,0,0,0,0,0,0,0,0
OTU_631,0,12.98701299,0,162.1621622,0,50.50505051,0,0,37.03703704,0,17.85714286,0,19.60784314,44.44444444,18.86792453,0,0,0,0,0,17.54385965,0,0,0,0,0,30.3030303,107.1428571,0,0,0,0,0,0,0,0,21.27659574,0,0,0,68.96551724,64.93506494,0,29.41176471,0,53.33333333,42.25352113,0,0,0,35.71428571,0,0,0,48.30917874,0,0,0,0,0,120,27.77777778,0,30.6122449
OTU_617,17.54385965,0,58.82352941,67.56756757,0,20.2020202,0,0,0,0,0,0,0,44.44444444,0,0,0,0,0,23.25581395,17.54385965,0,0,0,0,0,0,17.85714286,0,0,0,0,34.48275862,0,0,0,0,0,0,0,0,0,0,0,0,13.33333333,14.08450704,0,0,0,11.9047619,0,0,0,0,25.64102564,0,0,0,0,53.33333333,0,0,10.20408163
OTU_625,140.3508772,259.7402597,411.7647059,5013.513514,68.96551724,2252.525253,74.07407407,591.5492958,907.4074074,476.1904762,500,704.5454545,294.1176471,3355.555556,716.9811321,274.1935484,266.6666667,269.8412698,130.4347826,604.6511628,1087.719298,432.4324324,0,644.4444444,0,0,606.0606061,3616.071429,428.5714286,241.3793103,125,187.5,1034.482759,372.8813559,219.7802198,62.5,510.6382979,482.7586207,71.42857143,232.7044025,189.6551724,623.3766234,435.483871,1382.352941,64.51612903,2573.333333,1000,428.5714286,200,98.03921569,541.6666667,111.1111111,520.8333333,1518.518519,845.410628,794.8717949,641.509434,263.1578947,470.5882353,333.3333333,4653.333333,611.1111111,1264.705882,1622.44898
OTU_788,0,0,0,0,0,0,0,0,0,0,0,0,0,0,0,0,0,0,0,0,0,0,0,0,0,0,0,0,0,0,0,0,0,0,0,0,0,0,0,0,0,0,0,0,0,0,0,0,0,0,0,37.03703704,0,0,0,0,0,0,0,0,0,0,0,0
OTU_608,0,0,0,13.51351351,0,0,0,0,0,0,0,0,19.60784314,0,18.86792453,0,0,0,0,23.25581395,0,0,0,0,0,0,0,8.928571429,0,0,0,0,0,0,0,0,0,0,71.42857143,6.289308176,0,0,0,0,0,0,0,0,0,0,0,0,0,0,0,0,0,0,0,23.80952381,0,0,0,30.6122449
OTU_494,17.54385965,12.98701299,58.82352941,297.2972973,34.48275862,111.1111111,0,98.5915493,0,47.61904762,0,68.18181818,39.21568627,177.7777778,37.73584906,0,0,0,0,139.5348837,17.54385965,81.08108108,52.63157895,133.3333333,0,0,0,116.0714286,102.0408163,0,0,125,34.48275862,33.89830508,21.97802198,0,127.6595745,34.48275862,0,56.60377358,17.24137931,90.90909091,0,29.41176471,0,146.6666667,14.08450704,14.28571429,0,19.60784314,5.952380952,37.03703704,41.66666667,166.6666667,38.647343,102.5641026,75.47169811,26.31578947,0,119.047619,253.3333333,0,88.23529412,0
OTU_580,0,0,88.23529412,0,0,0,0,0,0,0,0,0,0,0,0,0,0,0,0,0,17.54385965,0,52.63157895,0,0,85.71428571,0,0,0,0,0,0,0,0,0,0,0,0,0,0,0,0,0,0,0,0,28.16901408,114.2857143,0,0,0,0,0,18.51851852,0,0,18.86792453,52.63157895,0,0,0,0,29.41176471,0
OTU_657,0,0,0,40.54054054,0,40.4040404,0,0,0,0,0,22.72727273,19.60784314,22.22222222,18.86792453,16.12903226,0,15.87301587,0,116.2790698,0,0,52.63157895,0,0,0,30.3030303,80.35714286,40.81632653,0,0,0,68.96551724,84.74576271,0,0,21.27659574,0,0,0,0,0,16.12903226,29.41176471,0,53.33333333,28.16901408,14.28571429,0,0,5.952380952,0,0,37.03703704,24.15458937,25.64102564,18.86792453,0,0,0,106.6666667,0,0,0
OTU_544,0,0,0,27.02702703,0,0,0,14.08450704,0,0,0,0,19.60784314,0,0,0,0,15.87301587,0,0,70.1754386,0,52.63157895,22.22222222,0,0,0,62.5,40.81632653,0,0,0,34.48275862,0,0,0,42.55319149,0,0,0,17.24137931,0,0,0,0,40,0,0,0,19.60784314,0,0,0,0,0,25.64102564,37.73584906,0,29.41176471,23.80952381,13.33333333,0,0,0
OTU_528,666.6666667,194.8051948,1058.823529,9324.324324,137.9310345,5444.444444,222.2222222,1211.267606,1981.481481,1547.619048,446.4285714,1204.545455,921.5686275,7022.222222,1169.811321,741.9354839,600,619.047619,956.5217391,1209.302326,2122.807018,918.9189189,473.6842105,1266.666667,204.5454545,285.7142857,333.3333333,6000,551.0204082,172.4137931,437.5,1312.5,2344.827586,406.779661,483.5164835,333.3333333,1978.723404,551.7241379,392.8571429,389.9371069,672.4137931,1064.935065,1177.419355,3941.176471,225.8064516,5986.666667,1338.028169,600,285.7142857,509.8039216,1000,296.2962963,916.6666667,2870.37037,1603.864734,1282.051282,886.7924528,947.3684211,1058.823529,309.5238095,8626.666667,1000,1558.823529,3142.857143
OTU_554,0,0,0,0,0,0,0,0,0,0,0,0,0,0,0,0,0,0,0,0,0,0,0,0,0,0,0,0,0,0,0,0,0,0,0,0,0,0,0,0,0,0,0,0,0,0,42.25352113,0,0,0,0,0,0,0,0,0,0,0,0,0,0,0,0,0
OTU_838,0,0,0,0,0,0,0,0,0,0,0,0,0,0,0,0,0,0,0,0,0,0,0,0,0,0,0,8.928571429,0,0,0,0,0,0,0,0,0,0,0,0,0,0,0,0,0,0,0,0,0,0,0,0,0,0,0,0,0,0,0,0,0,0,0,0
OTU_691,0,0,0,67.56756757,0,20.2020202,0,14.08450704,0,0,0,0,19.60784314,88.88888889,0,0,0,0,173.9130435,46.51162791,0,0,52.63157895,0,0,0,0,35.71428571,0,0,0,0,68.96551724,0,0,41.66666667,42.55319149,0,0,0,68.96551724,0,0,88.23529412,0,13.33333333,14.08450704,0,0,19.60784314,11.9047619,0,0,0,0,0,0,26.31578947,29.41176471,0,13.33333333,0,58.82352941,10.20408163
OTU_504,0,25.97402597,29.41176471,94.59459459,0,111.1111111,0,28.16901408,0,0,0,0,0,155.5555556,37.73584906,0,0,0,652.173913,0,17.54385965,0,0,0,0,0,0,35.71428571,0,172.4137931,0,0,0,0,0,0,0,0,0,18.86792453,0,0,16.12903226,117.6470588,0,80,14.08450704,0,57.14285714,39.21568627,11.9047619,0,0,0,33.81642512,0,0,0,58.82352941,23.80952381,40,27.77777778,0,40.81632653
OTU_760,52.63157895,77.92207792,58.82352941,418.9189189,0,282.8282828,148.1481481,126.7605634,0,47.61904762,17.85714286,45.45454545,98.03921569,333.3333333,75.47169811,0,100,47.61904762,260.8695652,186.0465116,210.5263158,0,0,44.44444444,0,114.2857143,30.3030303,160.7142857,0,103.4482759,125,0,206.8965517,118.6440678,98.9010989,20.83333333,21.27659574,0,71.42857143,12.57861635,120.6896552,0,64.51612903,117.6470588,64.51612903,360,126.7605634,57.14285714,0,98.03921569,71.42857143,55.55555556,62.5,55.55555556,106.2801932,0,18.86792453,131.5789474,117.6470588,23.80952381,146.6666667,111.1111111,29.41176471,142.8571429
OTU_600,0,0,0,13.51351351,0,0,0,0,0,0,0,0,0,22.22222222,18.86792453,0,0,0,43.47826087,0,0,0,0,0,0,0,0,17.85714286,0,0,31.25,0,0,0,0,0,0,0,0,0,0,0,0,29.41176471,0,40,0,0,0,0,0,0,0,0,9.661835749,0,18.86792453,0,0,0,53.33333333,27.77777778,0,0
OTU_658,0,0,0,0,0,0,0,0,0,0,0,0,0,0,0,0,0,0,0,0,0,0,0,0,0,0,0,0,0,0,0,0,0,0,0,0,0,0,0,0,0,0,0,0,0,0,0,0,0,0,0,0,0,0,0,0,0,0,0,0,0,0,0,0
OTU_2,18087.7193,35883.11688,26823.52941,193675.6757,13965.51724,146878.7879,18592.59259,48802.8169,7092.592593,34500,11678.57143,22545.45455,44313.72549,177377.7778,48528.30189,38258.06452,40066.66667,9079.365079,280304.3478,81441.86047,129947.3684,8594.594595,39684.21053,22533.33333,12068.18182,25628.57143,24848.48485,102901.7857,14469.38776,14310.34483,12437.5,18625,29620.68966,16457.62712,30879.12088,19125,39297.87234,22482.75862,16000,16893.08176,21793.10345,11805.19481,45306.45161,63588.23529,29967.74194,174400,96000,19800,53000,74137.2549,29672.61905,17648.14815,11291.66667,35074.07407,52256.03865,13589.74359,32792.45283,76315.78947,24911.76471,29404.7619,115440,51638.88889,19352.94118,45704.08163
OTU_790,35.0877193,0,29.41176471,121.6216216,0,151.5151515,74.07407407,0,0,23.80952381,0,22.72727273,0,222.2222222,18.86792453,0,33.33333333,0,0,186.0465116,140.3508772,0,0,22.22222222,0,85.71428571,0,53.57142857,40.81632653,34.48275862,0,0,34.48275862,16.94915254,32.96703297,41.66666667,106.3829787,0,0,25.1572327,0,0,48.38709677,88.23529412,64.51612903,120,42.25352113,14.28571429,0,98.03921569,17.85714286,37.03703704,0,55.55555556,24.15458937,51.28205128,56.60377358,26.31578947,58.82352941,71.42857143,120,0,0,40.81632653
OTU_24,0,64.93506494,29.41176471,13.51351351,275.862069,1272.727273,0,309.8591549,0,142.8571429,0,204.5454545,176.4705882,155.5555556,226.4150943,290.3225806,66.66666667,0,0,325.5813953,210.5263158,81.08108108,52.63157895,111.1111111,0,628.5714286,60.60606061,758.9285714,142.8571429,0,0,0,34.48275862,84.74576271,32.96703297,333.3333333,234.0425532,344.8275862,142.8571429,81.76100629,17.24137931,38.96103896,96.77419355,441.1764706,129.0322581,5440,690.1408451,114.2857143,314.2857143,0,708.3333333,148.1481481,20.83333333,425.9259259,231.884058,25.64102564,169.8113208,26.31578947,29.41176471,71.42857143,1213.333333,138.8888889,205.8823529,357.1428571
OTU_9,842.1052632,3441.558442,1558.823529,39418.91892,1000,9454.545455,259.2592593,1929.577465,1018.518519,1476.190476,535.7142857,1022.727273,2803.921569,911.1111111,2000,3145.16129,2933.333333,666.6666667,0,9023.255814,13789.47368,513.5135135,2263.157895,1755.555556,295.4545455,1114.285714,1575.757576,9357.142857,1183.673469,1620.689655,500,1000,2965.517241,1576.271186,2340.659341,1645.833333,2489.361702,1931.034483,750,2088.050314,810.3448276,896.1038961,3064.516129,5470.588235,2064.516129,11146.66667,7915.492958,1128.571429,1142.857143,4058.823529,1803.571429,1481.481481,1166.666667,3333.333333,2893.719807,974.3589744,2660.377358,12657.89474,1735.294118,1809.52381,7853.333333,4750,2735.294118,4479.591837
OTU_806,0,0,0,13.51351351,0,20.2020202,0,0,0,0,0,0,0,0,0,0,0,0,0,0,0,0,0,0,0,0,0,8.928571429,0,0,0,0,0,0,0,0,0,0,0,0,0,0,0,0,0,0,0,0,0,0,0,0,0,0,0,0,0,0,0,0,0,0,0,0
OTU_149,0,0,0,0,0,0,0,0,0,0,0,0,0,0,0,0,0,0,0,0,0,0,0,0,0,0,0,0,0,0,0,0,0,0,0,0,0,0,0,0,0,0,0,0,0,0,0,0,0,0,0,0,0,0,0,0,0,0,0,0,0,0,0,0
OTU_39,192.9824561,0,88.23529412,351.3513514,172.4137931,20.2020202,0,84.50704225,0,47.61904762,125,22.72727273,156.8627451,0,0,145.1612903,0,142.8571429,1217.391304,186.0465116,1157.894737,54.05405405,0,177.7777778,68.18181818,85.71428571,0,0,20.40816327,0,0,62.5,206.8965517,355.9322034,318.6813187,145.8333333,42.55319149,68.96551724,35.71428571,176.1006289,34.48275862,207.7922078,0,88.23529412,32.25806452,360,42.25352113,157.1428571,0,0,339.2857143,18.51851852,62.5,92.59259259,371.9806763,102.5641026,150.9433962,78.94736842,88.23529412,47.61904762,360,222.2222222,0,918.3673469
OTU_73,0,0,0,0,0,10.1010101,0,0,0,0,0,0,0,0,0,0,0,0,0,0,0,0,0,0,0,0,0,0,0,0,0,0,0,0,0,0,0,0,0,0,0,0,0,0,0,0,0,0,0,0,0,0,0,0,4.830917874,0,0,0,0,0,0,0,0,0
OTU_10,543.8596491,688.3116883,764.7058824,8162.162162,275.862069,6242.424242,481.4814815,1140.84507,462.962963,1809.52381,107.1428571,1568.181818,3333.333333,444.4444444,1773.584906,596.7741935,266.6666667,682.5396825,0,3186.046512,4315.789474,162.1621622,2368.421053,1000,477.2727273,657.1428571,878.7878788,7312.5,1102.040816,1517.241379,343.75,62.5,793.1034483,1152.542373,703.2967033,291.6666667,2127.659574,379.3103448,178.5714286,1169.811321,310.3448276,415.5844156,4225.806452,1470.588235,1129.032258,7573.333333,3971.830986,785.7142857,228.5714286,1254.901961,3011.904762,1685.185185,270.8333333,685.1851852,2681.15942,1000,962.2641509,1842.105263,705.8823529,1976.190476,5013.333333,2333.333333,2147.058824,3091.836735
OTU_683,0,0,0,0,0,0,0,0,0,0,0,0,0,0,0,0,0,0,0,0,0,0,0,0,0,0,0,0,0,0,0,0,0,0,0,0,0,0,0,0,0,0,0,0,0,0,0,0,0,0,0,0,0,0,0,0,0,0,0,0,0,0,0,0
OTU_43,35.0877193,25.97402597,0,81.08108108,34.48275862,737.3737374,74.07407407,126.7605634,0,214.2857143,0,181.8181818,274.5098039,466.6666667,94.33962264,145.1612903,33.33333333,15.87301587,43.47826087,46.51162791,350.877193,54.05405405,210.5263158,66.66666667,45.45454545,0,30.3030303,812.5,81.63265306,34.48275862,0,0,34.48275862,118.6440678,131.8681319,0,234.0425532,34.48275862,0,226.4150943,34.48275862,77.92207792,516.1290323,176.4705882,64.51612903,360,309.8591549,42.85714286,0,58.82352941,190.4761905,92.59259259,62.5,185.1851852,135.2657005,76.92307692,75.47169811,184.2105263,58.82352941,95.23809524,520,0,88.23529412,285.7142857
OTU_143,0,0,0,0,0,0,0,0,0,0,0,0,0,0,0,0,0,0,0,0,0,0,0,0,0,0,0,8.928571429,0,0,0,0,0,0,0,0,0,0,0,0,0,0,0,29.41176471,0,13.33333333,0,0,0,0,0,0,62.5,0,0,0,0,0,0,0,0,0,0,0
OTU_90,0,0,0,0,0,0,0,0,0,0,0,0,0,0,0,0,0,0,0,0,0,0,0,0,0,0,0,0,0,0,0,0,0,0,0,0,0,0,0,6.289308176,0,0,0,0,0,0,0,0,0,0,0,0,0,0,0,0,0,0,0,0,0,27.77777778,0,0
OTU_16,70.1754386,0,0,40.54054054,0,0,0,98.5915493,0,71.42857143,0,0,0,0,0,32.25806452,0,0,0,0,87.71929825,0,0,22.22222222,0,0,0,0,61.2244898,0,0,687.5,34.48275862,0,0,0,0,0,0,0,17.24137931,0,16.12903226,29.41176471,0,40,0,0,857.1428571,0,35.71428571,0,104.1666667,0,241.5458937,0,0,0,29.41176471,0,0,0,58.82352941,122.4489796
OTU_799,0,0,0,0,0,0,0,0,0,0,0,0,0,0,0,0,0,0,0,0,0,0,0,0,0,0,0,0,0,0,0,0,0,0,0,0,0,0,0,0,0,0,0,0,0,0,0,0,0,0,0,0,0,0,0,0,0,0,0,0,0,0,0,0
OTU_190,0,0,0,0,0,0,0,0,0,0,0,0,0,0,0,0,0,0,0,0,0,0,0,0,0,0,0,0,0,0,0,0,0,0,0,0,0,0,0,0,0,0,0,0,0,0,0,0,0,0,0,0,0,0,0,0,0,0,0,0,0,0,0,0
OTU_483,0,0,0,0,0,0,0,0,0,0,0,0,0,0,0,0,0,0,0,0,0,0,0,0,0,0,0,0,0,0,0,0,0,0,0,0,0,0,0,0,0,0,0,0,0,0,0,0,0,0,0,0,0,0,0,0,0,0,0,0,0,0,0,0
OTU_4,350.877193,688.3116883,29.41176471,67.56756757,0,0,0,0,0,23.80952381,0,0,3921.568627,0,0,16.12903226,0,0,0,0,105.2631579,0,52.63157895,0,0,85.71428571,0,35.71428571,0,0,218.75,0,172.4137931,33.89830508,1098.901099,0,0,0,0,289.3081761,137.9310345,0,1387.096774,0,0,0,42.25352113,0,28.57142857,1117.647059,0,0,0,0,9.661835749,0,0,0,0,0,26.66666667,0,0,10.20408163
OTU_524,0,0,0,0,0,0,0,0,0,0,0,0,0,0,0,0,0,0,0,0,0,0,0,0,0,0,0,0,0,0,0,0,0,0,0,0,0,0,0,0,0,0,0,0,0,0,0,0,0,0,0,0,0,0,0,0,0,0,0,0,0,27.77777778,0,0
OTU_181,0,0,0,0,0,0,0,0,0,0,0,0,0,0,0,0,0,0,0,0,0,0,0,0,0,0,0,0,0,0,0,0,0,0,0,0,0,0,0,0,0,0,0,0,0,0,0,0,0,0,0,0,0,0,0,0,0,0,0,0,0,0,0,0
OTU_8,2964.912281,610.3896104,1441.176471,4878.378378,620.6896552,1454.545455,185.1851852,2450.704225,0,690.4761905,196.4285714,1545.454545,529.4117647,22.22222222,37245.28302,1241.935484,366.6666667,126.984127,0,441.8604651,33350.87719,108.1081081,684.2105263,955.5555556,45.45454545,1371.428571,181.8181818,2544.642857,673.4693878,275.862069,531.25,750,931.0344828,389.8305085,923.0769231,187.5,787.2340426,103.4482759,535.7142857,1339.622642,448.2758621,688.3116883,11661.29032,17558.82353,516.1290323,1293.333333,1183.098592,942.8571429,5514.285714,3431.372549,660.7142857,185.1851852,125,185.1851852,1671.497585,307.6923077,1584.90566,894.7368421,1529.411765,452.3809524,133.3333333,805.5555556,617.6470588,1653.061224
OTU_7,5140.350877,246.7532468,2852.941176,2067.567568,1068.965517,3434.343434,370.3703704,1211.267606,0,404.7619048,196.4285714,1795.454545,784.3137255,8666.666667,1056.603774,693.5483871,266.6666667,587.3015873,4434.782609,837.2093023,2631.578947,216.2162162,157.8947368,200,909.0909091,828.5714286,121.2121212,3767.857143,469.3877551,344.8275862,625,62.5,793.1034483,1169.491525,2098.901099,375,297.8723404,1172.413793,142.8571429,2647.798742,724.137931,454.5454545,596.7741935,1264.705882,1032.258065,2880,6183.098592,442.8571429,571.4285714,803.9215686,791.6666667,222.2222222,395.8333333,722.2222222,1212.560386,76.92307692,2320.754717,500,470.5882353,3095.238095,2400,888.8888889,794.1176471,1285.714286
OTU_22,87.71929825,0,58.82352941,162.1621622,34.48275862,40.4040404,74.07407407,183.0985915,0,23.80952381,0,840.9090909,0,0,226.4150943,354.8387097,66.66666667,0,0,186.0465116,122.8070175,0,368.4210526,111.1111111,0,57.14285714,0,946.4285714,40.81632653,68.96551724,0,0,34.48275862,84.74576271,175.8241758,229.1666667,276.5957447,34.48275862,0,327.0440252,34.48275862,90.90909091,370.9677419,29.41176471,96.77419355,426.6666667,380.2816901,42.85714286,0,117.6470588,160.7142857,148.1481481,20.83333333,111.1111111,4.830917874,0,207.5471698,0,176.4705882,142.8571429,0,27.77777778,58.82352941,40.81632653
OTU_14,70.1754386,0,0,0,0,0,0,0,18.51851852,0,0,0,0,0,0,0,0,0,0,0,0,0,0,0,0,85.71428571,0,8.928571429,0,0,0,0,0,0,0,104.1666667,0,0,0,6.289308176,0,0,0,0,0,0,0,0,0,1058.823529,0,185.1851852,0,0,14.49275362,0,0,0,264.7058824,0,0,55.55555556,0,0
OTU_127,0,0,0,0,0,0,0,0,0,0,0,0,0,0,0,0,0,0,0,0,0,0,0,0,0,0,0,0,0,0,0,0,0,0,0,0,0,0,0,0,0,0,0,0,0,0,0,0,0,0,0,0,0,0,0,0,0,0,0,0,0,0,0,0
OTU_212,0,0,0,0,0,0,0,0,0,0,0,0,0,0,0,0,0,0,0,0,0,0,0,0,0,0,0,160.7142857,0,0,0,0,0,0,0,0,0,0,0,0,0,0,0,0,0,53.33333333,0,0,0,0,0,0,0,0,0,0,0,0,0,0,0,0,0,0
OTU_131,0,0,0,0,0,0,0,0,0,0,0,0,0,0,0,0,0,0,0,0,0,0,0,0,0,0,0,0,0,0,0,0,0,0,0,0,0,0,0,0,0,0,0,0,0,0,0,0,0,0,0,0,0,0,0,0,0,0,0,23.80952381,0,0,0,0
OTU_615,0,0,0,0,0,0,0,0,0,0,0,0,0,0,0,0,0,0,0,0,0,0,0,0,0,0,0,0,0,0,0,0,0,0,0,0,0,0,0,0,0,0,0,0,0,0,0,0,0,0,0,0,0,0,0,0,0,0,0,0,0,0,0,0
OTU_150,0,0,0,0,0,0,0,0,0,0,0,0,0,0,0,0,0,0,0,0,0,0,0,0,0,0,0,0,0,0,0,0,0,0,0,0,0,0,0,0,0,0,0,0,0,0,0,0,0,0,0,0,0,0,0,0,0,0,0,0,0,0,0,0
OTU_250,0,0,0,0,0,0,0,0,0,0,0,0,0,0,0,0,0,0,0,0,0,0,0,0,0,0,0,0,20.40816327,0,0,0,0,0,0,0,0,0,0,0,0,0,0,0,0,0,0,0,0,19.60784314,0,0,0,0,0,0,0,0,0,0,0,0,29.41176471,0
OTU_129,0,0,0,0,0,0,0,0,0,0,0,0,0,0,0,0,0,0,0,0,0,0,0,0,0,0,0,0,0,0,0,0,0,0,0,0,0,0,0,0,0,0,0,0,0,0,0,0,0,0,5.952380952,0,0,0,0,0,0,0,0,0,0,0,0,0
OTU_77,35.0877193,0,58.82352941,0,0,0,0,28.16901408,0,0,0,0,0,0,0,0,0,0,1086.956522,0,35.0877193,0,0,0,0,0,30.3030303,98.21428571,40.81632653,0,0,0,0,0,0,0,0,34.48275862,0,0,0,12.98701299,48.38709677,0,64.51612903,0,0,14.28571429,0,0,113.0952381,0,0,0,0,0,0,0,0,0,0,27.77777778,29.41176471,0
OTU_19,105.2631579,0,0,162.1621622,0,60.60606061,0,14.08450704,0,23.80952381,0,0,0,0,94.33962264,0,33.33333333,126.984127,86.95652174,0,0,0,0,0,0,0,90.90909091,383.9285714,0,103.4482759,0,0,68.96551724,0,0,20.83333333,0,0,0,0,0,25.97402597,0,0,0,266.6666667,0,28.57142857,0,0,130.952381,0,0,0,0,102.5641026,0,0,0,0,0,55.55555556,29.41176471,91.83673469
OTU_31,175.4385965,0,0,54.05405405,0,50.50505051,0,183.0985915,0,23.80952381,35.71428571,45.45454545,19.60784314,466.6666667,132.0754717,0,133.3333333,158.7301587,1695.652174,23.25581395,70.1754386,0,105.2631579,133.3333333,22.72727273,0,121.2121212,62.5,122.4489796,68.96551724,0,0,758.6206897,0,109.8901099,20.83333333,106.3829787,103.4482759,0,56.60377358,0,0,16.12903226,88.23529412,64.51612903,920,126.7605634,0,0,98.03921569,178.5714286,18.51851852,20.83333333,92.59259259,82.12560386,282.0512821,75.47169811,0,0,142.8571429,0,55.55555556,264.7058824,142.8571429
OTU_37,17.54385965,0,88.23529412,13.51351351,0,0,0,0,0,0,0,0,0,0,0,0,0,0,0,46.51162791,0,0,0,0,0,0,181.8181818,0,0,0,0,0,0,0,10.98901099,0,0,0,71.42857143,0,0,0,0,0,0,333.3333333,14.08450704,0,28.57142857,0,238.0952381,18.51851852,0,37.03703704,188.4057971,0,0,0,0,0,0,0,58.82352941,40.81632653
OTU_116,0,0,0,0,0,0,0,0,0,0,0,0,0,0,0,0,0,0,0,0,0,0,0,0,0,0,0,0,0,0,0,0,0,0,0,0,0,0,0,0,0,0,0,0,0,0,0,0,0,0,0,0,0,0,0,0,0,0,0,0,0,0,0,0
OTU_49,17.54385965,0,88.23529412,472.972973,0,0,0,28.16901408,0,71.42857143,0,0,0,0,94.33962264,0,0,0,0,0,35.0877193,0,0,22.22222222,90.90909091,0,515.1515152,330.3571429,0,0,0,0,34.48275862,0,0,0,0,0,0,0,0,25.97402597,0,0,0,0,0,114.2857143,0,0,363.0952381,0,20.83333333,0,0,25.64102564,0,0,0,0,186.6666667,0,88.23529412,0
OTU_45,0,0,0,81.08108108,0,0,0,0,0,0,0,0,58.82352941,0,0,0,0,0,0,0,70.1754386,0,0,0,0,0,0,0,0,0,0,0,0,0,0,0,0,0,0,0,0,0,0,0,0,0,0,28.57142857,0,0,0,0,0,0,0,0,0,0,0,0,0,0,0,0
OTU_15,1192.982456,506.4935065,705.8823529,1459.459459,103.4482759,414.1414141,2592.592593,2070.422535,0,833.3333333,178.5714286,250,19.60784314,4844.444444,566.0377358,16.12903226,33.33333333,1301.587302,826.0869565,69.76744186,456.1403509,0,0,311.1111111,2340.909091,0,1848.484848,6383.928571,367.3469388,482.7586207,0,125,206.8965517,711.8644068,54.94505495,62.5,170.212766,68.96551724,0,905.6603774,68.96551724,792.2077922,112.9032258,2058.823529,677.4193548,2520,816.9014085,428.5714286,28.57142857,58.82352941,2178.571429,0,0,18.51851852,913.0434783,179.4871795,169.8113208,52.63157895,500,738.0952381,1200,750,764.7058824,1867.346939
OTU_12,1473.684211,402.5974026,823.5294118,1054.054054,103.4482759,737.3737374,1740.740741,1309.859155,0,857.1428571,17.85714286,363.6363636,392.1568627,15466.66667,1264.150943,32.25806452,133.3333333,873.015873,1086.956522,46.51162791,701.754386,0,52.63157895,111.1111111,977.2727273,57.14285714,4212.121212,6312.5,224.4897959,103.4482759,125,0,689.6551724,779.6610169,175.8241758,104.1666667,106.3829787,413.7931034,71.42857143,2194.968553,241.3793103,272.7272727,16.12903226,411.7647059,1806.451613,12506.66667,1901.408451,257.1428571,57.14285714,117.6470588,2154.761905,37.03703704,166.6666667,92.59259259,2222.222222,256.4102564,679.245283,105.2631579,58.82352941,2142.857143,2333.333333,583.3333333,911.7647059,1500
OTU_154,0,0,0,0,0,0,0,0,0,0,0,0,0,0,0,0,0,0,0,0,0,0,0,0,0,0,0,0,0,0,0,0,0,0,0,0,0,0,0,18.86792453,0,0,0,0,0,13.33333333,0,0,0,0,0,0,0,0,0,0,0,0,0,0,0,0,0,0
OTU_159,0,0,0,0,0,0,0,0,0,0,0,0,0,0,0,0,0,0,0,0,0,0,0,0,0,0,0,0,0,0,0,0,0,0,0,0,42.55319149,0,0,0,0,0,0,0,32.25806452,0,0,0,0,0,0,0,0,0,62.80193237,0,0,0,0,0,0,0,0,0
OTU_103,0,0,0,27.02702703,0,0,0,0,0,0,0,0,0,0,0,0,0,0,43.47826087,0,0,0,0,0,0,0,0,0,0,34.48275862,0,0,0,0,0,0,0,34.48275862,0,0,0,0,0,0,0,0,0,0,0,0,0,0,0,0,0,0,0,0,0,0,0,0,0,10.20408163
OTU_23,649.122807,0,176.4705882,0,68.96551724,191.9191919,0,239.4366197,0,142.8571429,0,22.72727273,862.745098,43022.22222,1018.867925,0,533.3333333,31.74603175,0,0,315.7894737,0,0,0,681.8181818,85.71428571,0,0,0,241.3793103,0,0,413.7931034,0,2516.483516,750,21.27659574,34.48275862,107.1428571,226.4150943,448.2758621,0,0,1529.411765,64.51612903,1240,605.6338028,28.57142857,257.1428571,98.03921569,238.0952381,0,125,0,0,0,320.754717,0,88.23529412,166.6666667,2546.666667,277.7777778,0,0
OTU_227,0,0,0,0,0,0,0,0,0,0,0,0,0,0,0,0,0,0,0,46.51162791,0,0,0,0,0,0,60.60606061,0,0,0,0,0,0,0,0,0,0,0,0,0,0,0,0,0,0,0,42.25352113,0,0,0,0,0,0,0,77.29468599,0,0,0,0,0,0,0,0,0
OTU_78,0,0,0,13.51351351,0,0,0,0,0,0,0,68.18181818,19.60784314,0,0,0,0,0,0,0,35.0877193,0,0,0,0,0,0,383.9285714,0,0,0,0,0,0,10.98901099,0,0,0,0,0,0,0,0,0,0,0,0,0,0,0,0,0,0,0,62.80193237,0,0,0,0,0,0,0,0,0
OTU_473,0,0,0,0,0,10.1010101,0,0,0,0,0,0,0,0,0,0,0,0,0,0,0,0,0,0,0,0,0,0,0,0,0,0,0,0,0,0,0,0,0,0,0,0,0,0,0,13.33333333,0,0,0,0,0,0,0,0,0,0,0,0,0,0,0,0,0,0
OTU_74,0,0,0,0,0,0,0,0,0,0,0,0,0,0,0,0,0,0,0,0,0,0,0,0,0,0,0,0,0,0,0,0,0,0,0,0,0,0,0,0,0,0,0,29.41176471,0,0,0,0,0,0,0,0,0,0,0,0,0,0,0,0,0,0,0,0
OTU_27,0,0,0,0,0,0,0,0,0,0,0,0,0,0,0,0,0,0,0,0,0,0,0,0,0,0,0,0,0,34.48275862,0,0,34.48275862,0,0,0,0,0,0,0,0,0,0,0,0,0,0,0,0,0,0,0,0,0,154.589372,0,0,0,0,0,0,0,0,0
OTU_75,0,0,0,0,0,0,0,0,0,0,0,0,0,0,0,0,0,0,0,0,0,0,0,0,0,0,0,0,0,0,0,0,0,0,0,0,0,0,0,0,0,0,0,0,0,0,0,0,0,0,0,0,0,0,0,0,0,0,0,0,0,0,0,0
OTU_153,0,0,0,0,0,0,0,0,0,0,0,0,0,0,0,0,0,0,0,0,17.54385965,0,0,0,0,0,0,0,0,0,0,0,0,0,0,0,0,0,0,0,0,0,0,0,0,0,0,0,0,0,0,0,0,0,0,0,0,0,0,0,0,0,0,0
OTU_3,0,0,0,27.02702703,0,20.2020202,0,14.08450704,0,0,0,0,0,22.22222222,0,0,0,0,43.47826087,0,17.54385965,0,0,0,22.72727273,0,0,0,0,0,31.25,0,0,0,10.98901099,0,0,34.48275862,0,0,0,0,0,0,0,40,0,0,0,19.60784314,0,0,0,0,9.661835749,0,0,0,29.41176471,0,40,0,0,0
OTU_183,0,0,0,0,0,0,0,0,0,0,0,0,0,22.22222222,0,0,0,0,0,0,0,0,0,0,0,0,0,0,0,0,0,0,0,0,0,0,0,0,0,0,0,0,0,29.41176471,0,0,0,42.85714286,0,0,0,0,0,0,0,0,0,0,0,0,0,0,0,0
OTU_805,0,0,0,0,0,0,0,0,0,0,0,0,0,0,0,16.12903226,0,0,43.47826087,0,0,0,0,0,0,0,0,8.928571429,0,0,0,0,0,0,0,0,0,0,0,0,0,0,0,0,0,0,0,0,0,0,0,0,0,0,0,0,0,0,0,0,13.33333333,0,0,0
OTU_20,52.63157895,0,205.8823529,148.6486486,103.4482759,111.1111111,0,28.16901408,0,71.42857143,0,136.3636364,0,0,56.60377358,32.25806452,0,0,0,23.25581395,87.71929825,0,0,0,0,57.14285714,30.3030303,169.6428571,163.2653061,103.4482759,0,0,0,50.84745763,65.93406593,41.66666667,0,0,0,176.1006289,0,77.92207792,32.25806452,0,0,106.6666667,14.08450704,600,28.57142857,98.03921569,35.71428571,0,0,0,314.0096618,51.28205128,18.86792453,52.63157895,264.7058824,238.0952381,0,583.3333333,0,163.2653061
OTU_434,52.63157895,272.7272727,58.82352941,243.2432432,34.48275862,131.3131313,0,0,0,47.61904762,0,22.72727273,39.21568627,0,37.73584906,96.77419355,0,0,0,46.51162791,17.54385965,0,0,0,0,0,30.3030303,348.2142857,40.81632653,0,0,0,0,152.5423729,87.91208791,41.66666667,0,0,0,364.7798742,0,25.97402597,16.12903226,0,0,53.33333333,0,457.1428571,0,19.60784314,53.57142857,0,0,0,198.0676329,0,0,78.94736842,0,47.61904762,40,0,29.41176471,71.42857143
OTU_756,0,0,0,0,0,0,0,0,0,0,0,0,0,0,0,0,0,0,0,0,0,0,0,0,0,0,0,0,0,0,0,0,0,0,0,0,0,0,0,0,0,0,0,0,0,0,0,0,0,0,0,0,0,0,0,0,0,0,0,0,0,0,0,0
OTU_249,0,0,0,0,0,0,0,0,0,0,0,0,0,0,0,0,0,0,0,0,0,0,0,0,0,0,0,0,0,0,0,0,0,0,0,0,0,0,0,0,0,0,0,0,0,0,0,0,0,0,0,0,0,0,0,0,0,0,0,0,0,0,0,0
OTU_67,0,0,0,0,0,0,0,0,0,0,0,0,0,0,0,0,0,0,0,0,0,0,0,22.22222222,0,0,0,0,0,0,0,0,0,0,0,0,0,0,0,0,0,0,0,0,0,0,0,0,0,0,202.3809524,0,0,0,28.98550725,0,0,0,0,0,0,0,0,0
OTU_47,0,0,0,0,0,0,0,0,0,0,0,0,0,0,0,0,0,0,0,0,0,0,0,0,0,0,0,0,0,0,0,0,0,0,0,0,0,0,0,0,0,0,0,0,0,0,0,0,0,0,0,0,0,0,0,0,0,0,0,0,0,0,0,0
OTU_48,0,0,0,0,0,0,0,0,0,0,0,0,0,0,0,0,0,0,0,0,0,0,0,0,0,0,0,0,0,0,0,0,0,0,0,0,0,0,0,0,0,0,0,0,0,0,0,0,0,0,0,0,0,0,0,0,0,0,0,0,0,0,0,0
OTU_789,0,0,0,0,0,0,0,0,0,0,0,0,0,22.22222222,0,0,0,0,0,0,0,0,0,0,0,0,0,8.928571429,0,0,0,0,0,0,10.98901099,0,0,0,0,0,0,0,0,0,0,0,0,0,0,0,0,0,0,0,0,0,0,0,0,0,0,0,0,0
OTU_138,0,0,0,0,0,0,0,0,0,0,0,0,0,0,0,0,0,0,0,0,0,0,0,0,0,0,0,0,0,0,0,0,0,0,0,0,0,0,0,0,0,0,0,0,0,0,0,0,0,0,0,0,0,0,0,0,0,0,0,0,0,0,0,0
OTU_18,175.4385965,0,58.82352941,405.4054054,0,0,0,98.5915493,0,23.80952381,89.28571429,68.18181818,0,0,716.9811321,32.25806452,0,444.4444444,608.6956522,46.51162791,0,0,0,0,159.0909091,0,424.2424242,1580.357143,81.63265306,137.9310345,0,62.5,275.862069,0,0,20.83333333,0,275.862069,0,0,0,25.97402597,0,264.7058824,0,786.6666667,0,114.2857143,85.71428571,0,1142.857143,0,62.5,55.55555556,1028.985507,102.5641026,0,0,0,0,586.6666667,55.55555556,500,326.5306122
OTU_601,0,0,0,0,0,0,0,0,0,0,0,0,0,0,0,0,0,0,0,0,0,0,0,0,0,0,0,0,0,0,0,0,0,0,0,0,0,0,0,0,0,0,0,0,0,0,0,0,0,0,0,0,0,0,0,0,0,0,0,0,0,0,0,0
OTU_245,0,0,0,0,0,0,0,0,0,0,0,0,0,0,0,0,0,0,0,0,0,0,0,0,0,0,0,0,0,0,0,0,0,0,0,0,0,0,0,0,0,0,0,0,0,0,0,0,0,0,0,0,0,0,0,0,0,0,0,0,0,0,0,0
OTU_25,0,0,0,0,0,0,0,70.42253521,0,0,0,0,0,22.22222222,37.73584906,177.4193548,0,0,0,0,17.54385965,0,210.5263158,0,0,0,30.3030303,133.9285714,0,0,0,0,0,0,10.98901099,62.5,0,0,0,44.02515723,0,0,129.0322581,29.41176471,0,13.33333333,70.42253521,28.57142857,0,0,35.71428571,148.1481481,0,0,77.29468599,0,132.0754717,0,0,0,0,27.77777778,0,10.20408163
OTU_81,0,0,0,0,0,0,0,0,0,0,0,0,0,0,0,0,0,0,0,0,0,0,0,0,0,28.57142857,0,0,0,0,0,0,0,0,0,0,0,0,0,0,0,0,0,0,0,0,0,0,28.57142857,0,5.952380952,0,0,0,0,0,0,26.31578947,58.82352941,0,0,0,0,10.20408163
OTU_36,0,0,0,0,0,0,0,0,0,23.80952381,0,0,0,0,0,0,0,0,0,0,35.0877193,0,0,0,22.72727273,0,0,0,0,0,0,0,0,0,0,0,0,0,0,0,0,0,0,0,0,0,28.16901408,0,0,0,0,0,0,0,0,0,0,0,0,0,0,0,0,0
OTU_29,0,0,0,0,0,70.70707071,0,0,0,0,0,0,0,0,0,80.64516129,0,0,0,0,87.71929825,0,0,0,0,0,0,0,0,0,0,0,0,33.89830508,32.96703297,62.5,85.10638298,0,0,25.1572327,17.24137931,0,161.2903226,0,96.77419355,0,140.8450704,0,0,0,0,55.55555556,0,37.03703704,82.12560386,0,37.73584906,0,0,23.80952381,13.33333333,27.77777778,0,0
OTU_123,0,0,0,0,0,0,0,0,0,0,0,0,0,0,0,0,0,0,0,0,0,0,0,0,0,0,0,0,0,0,0,0,0,0,0,0,0,0,0,0,0,0,0,0,0,0,0,0,0,0,0,0,0,0,0,0,0,0,0,0,0,0,0,0
OTU_252,0,0,0,0,0,0,0,0,0,0,0,0,0,0,0,0,0,0,0,0,0,0,0,0,0,0,0,0,0,0,0,0,0,0,0,0,0,0,0,0,0,0,0,0,0,0,0,0,0,0,136.9047619,0,0,0,0,0,0,0,0,0,0,0,0,0
OTU_189,0,0,0,0,0,0,0,0,0,0,0,0,0,0,0,0,0,0,0,0,0,0,0,0,0,0,0,0,0,0,0,0,0,0,0,0,0,0,0,0,0,0,0,0,0,0,0,0,0,0,0,0,0,0,0,0,0,0,0,0,0,0,0,0
OTU_33,0,0,0,0,0,0,0,0,0,0,0,0,0,0,0,0,0,0,0,0,0,0,0,0,0,0,0,8.928571429,0,0,0,0,0,0,0,0,0,0,0,0,0,0,0,0,0,0,0,0,0,0,0,0,0,0,0,0,0,0,0,0,0,0,0,0
OTU_30,0,0,0,0,0,0,0,0,0,0,0,0,0,0,0,0,0,0,0,0,0,0,0,0,0,0,0,0,0,0,0,0,0,0,0,0,0,0,0,0,0,0,0,0,0,0,0,0,0,0,0,0,0,0,0,0,0,0,0,0,0,0,0,0
OTU_193,0,0,0,0,0,0,0,0,0,0,0,0,0,0,0,0,0,0,0,0,0,0,0,0,0,0,0,0,0,0,0,0,0,0,0,0,0,0,0,0,0,0,0,0,0,0,0,0,0,0,0,0,0,0,0,0,0,0,0,0,0,0,0,0
OTU_63,0,0,0,13.51351351,0,0,0,0,0,47.61904762,0,22.72727273,0,0,56.60377358,0,0,0,0,0,0,54.05405405,0,0,0,0,60.60606061,98.21428571,0,0,0,0,0,0,0,0,0,0,0,0,0,0,0,29.41176471,0,13.33333333,0,0,0,0,0,0,0,37.03703704,24.15458937,0,0,0,0,0,26.66666667,0,29.41176471,0
OTU_716,0,0,0,0,0,0,0,0,0,0,0,0,0,0,0,0,0,0,0,0,0,0,0,0,0,0,0,0,0,0,0,0,0,0,0,0,0,0,0,0,0,0,0,0,0,0,0,0,0,0,0,0,0,0,0,0,0,0,0,0,0,0,0,0
OTU_21,0,0,0,0,0,0,0,0,0,0,0,0,0,0,0,0,0,0,0,0,17.54385965,0,0,0,0,0,0,0,0,0,0,0,0,0,0,0,0,0,0,0,0,0,0,0,0,0,0,0,0,0,0,0,0,0,0,0,0,0,0,0,0,0,0,0
OTU_538,0,0,0,0,0,0,0,0,0,0,0,0,0,0,0,0,0,0,0,0,0,0,0,0,0,0,30.3030303,0,0,0,0,0,0,0,0,0,0,0,0,0,0,0,0,0,0,13.33333333,0,0,0,0,0,0,0,0,0,0,0,0,0,0,0,0,0,0
OTU_114,0,0,0,0,0,0,0,0,0,0,0,0,0,0,0,0,0,0,0,0,0,0,0,0,0,0,0,0,0,0,0,0,0,0,0,0,0,0,0,0,0,0,0,0,0,0,0,0,0,0,0,0,0,0,0,0,0,0,0,0,0,0,0,0
OTU_314,0,0,0,0,0,0,0,0,0,0,0,0,0,0,0,0,0,0,0,0,0,0,0,0,0,0,0,0,0,0,0,0,0,0,0,0,0,0,0,0,0,0,0,0,0,0,0,0,0,0,0,0,0,0,0,0,0,0,0,0,0,0,0,0
OTU_55,0,0,0,0,0,0,0,0,0,0,0,0,0,0,0,0,0,0,0,0,0,0,0,0,0,0,0,8.928571429,0,0,0,0,0,16.94915254,10.98901099,0,0,0,0,0,0,0,0,0,0,0,0,0,0,0,0,0,0,0,0,0,0,0,0,0,0,0,0,0
OTU_64,0,0,0,13.51351351,34.48275862,0,0,14.08450704,0,0,0,0,0,22.22222222,0,0,0,0,43.47826087,0,0,0,0,0,0,0,0,0,0,0,0,0,0,0,0,0,0,0,0,0,0,0,0,0,0,0,0,0,0,0,0,0,0,0,0,0,0,0,0,0,0,0,0,0
OTU_386,0,0,0,0,0,0,0,0,0,0,0,22.72727273,0,22.22222222,0,0,0,0,43.47826087,0,0,0,0,0,0,0,0,8.928571429,0,0,0,0,0,0,0,0,0,0,0,0,0,0,0,0,0,0,0,0,0,0,0,0,0,0,0,0,0,0,0,0,0,0,0,0
OTU_108,0,77.92207792,0,0,0,0,0,0,0,0,0,22.72727273,0,0,0,0,0,0,0,0,0,0,0,0,0,0,0,258.9285714,0,0,0,0,0,0,0,0,0,0,0,0,0,0,0,0,0,0,0,0,0,0,0,0,0,0,241.5458937,0,18.86792453,0,0,0,0,0,0,0
OTU_257,0,0,0,0,0,0,0,0,0,0,0,0,0,0,0,0,0,0,0,0,0,0,0,0,0,0,0,0,0,0,0,0,0,0,0,0,0,0,0,0,0,0,0,0,0,0,0,0,0,0,0,0,0,0,120.7729469,0,0,0,0,0,0,0,0,0
OTU_463,0,0,0,0,0,0,0,0,0,0,0,0,0,0,0,0,0,0,0,0,0,0,0,0,0,0,0,0,0,0,0,0,0,0,0,0,0,0,0,0,0,0,0,0,0,0,0,0,0,0,0,0,0,0,0,0,0,0,0,0,0,0,0,0
OTU_93,0,0,0,0,0,0,0,0,0,0,0,0,0,0,0,0,0,0,0,0,0,0,0,0,0,0,0,116.0714286,0,0,0,0,0,0,0,0,0,0,0,0,0,0,0,0,0,0,0,0,0,0,0,0,0,0,0,0,0,0,0,0,0,0,0,0
OTU_506,0,0,0,54.05405405,0,0,0,0,0,0,0,0,0,133.3333333,0,0,0,0,0,0,0,0,0,0,45.45454545,0,0,0,0,0,0,0,0,0,0,0,0,0,0,0,0,0,0,0,0,0,0,0,0,0,0,0,0,0,0,0,0,0,0,0,0,0,0,0
OTU_13,0,0,0,13.51351351,0,0,0,0,0,0,0,0,0,0,0,0,0,0,0,0,0,0,0,0,0,0,0,0,0,0,0,0,0,0,0,0,0,0,0,0,0,0,0,29.41176471,387.0967742,13.33333333,0,0,0,19.60784314,0,0,0,0,4.830917874,0,0,0,0,0,0,0,0,0
OTU_121,0,0,29.41176471,0,0,10.1010101,0,0,0,0,0,0,0,0,0,0,0,0,0,0,0,0,0,0,0,0,0,0,0,0,0,0,0,0,0,0,0,0,0,0,0,0,0,0,0,0,0,0,0,0,0,0,0,0,0,0,0,0,0,0,0,0,0,0
OTU_70,0,0,0,0,0,0,0,0,0,0,0,0,0,0,0,0,0,0,0,0,0,0,0,0,0,0,0,0,0,0,0,0,0,0,0,0,0,34.48275862,0,0,0,0,0,0,0,0,0,0,0,0,0,0,0,0,0,0,0,0,0,0,0,0,0,0
OTU_328,0,0,0,0,0,0,0,0,0,0,0,0,0,0,0,0,0,0,0,0,0,0,0,0,0,0,0,0,0,0,0,0,0,0,0,0,0,0,0,0,0,0,0,0,0,0,0,0,0,0,0,0,0,0,0,0,0,0,0,0,0,0,0,0
OTU_56,0,0,0,0,0,0,0,0,0,0,0,0,0,0,0,0,0,0,0,0,0,0,0,0,0,0,0,0,0,0,0,0,0,0,0,0,0,0,35.71428571,0,0,0,0,0,0,13.33333333,0,0,0,0,0,0,0,0,0,0,0,0,0,0,13.33333333,0,0,0
OTU_26,0,0,0,0,0,0,37.03703704,0,0,23.80952381,0,0,0,0,0,0,0,0,0,0,0,0,0,0,22.72727273,0,0,0,0,0,0,0,0,0,0,0,0,0,0,0,0,0,0,29.41176471,0,0,0,0,0,0,5.952380952,0,0,0,0,0,0,0,0,0,13.33333333,0,0,0
OTU_17,0,0,0,0,0,0,0,0,0,23.80952381,0,0,0,0,0,0,33.33333333,0,0,0,0,0,0,0,0,0,0,0,0,34.48275862,0,0,0,0,0,0,0,0,0,0,0,0,0,0,0,0,0,0,28.57142857,0,5.952380952,0,0,0,0,0,0,0,0,0,0,0,0,0
OTU_51,0,0,0,13.51351351,0,0,0,14.08450704,0,0,0,0,0,22.22222222,0,0,0,0,0,23.25581395,0,0,0,0,0,0,0,0,0,0,31.25,0,0,0,0,0,0,0,0,0,0,0,0,0,0,13.33333333,0,0,0,0,0,0,0,0,4.830917874,0,0,0,0,0,0,0,0,0
OTU_781,0,0,0,0,0,0,0,0,0,0,0,0,0,0,0,0,0,0,0,0,0,0,0,0,0,0,0,0,0,0,0,0,0,0,0,0,0,0,0,0,0,0,0,0,0,0,0,0,0,0,0,0,0,0,0,0,0,0,0,0,0,0,0,0
OTU_747,0,0,0,0,0,0,0,0,0,0,0,0,0,0,0,0,0,0,0,0,0,0,0,0,0,0,0,0,0,0,0,0,0,0,0,0,0,0,0,0,0,0,0,0,0,0,0,0,0,0,0,0,0,0,0,0,0,0,0,0,0,0,0,0
OTU_829,0,0,0,0,0,0,0,0,0,0,0,0,0,0,0,0,0,0,0,0,0,0,0,0,0,0,0,0,0,0,0,0,0,0,0,0,0,0,0,0,0,0,0,0,0,0,0,0,0,0,0,0,0,0,0,0,0,0,0,0,0,0,0,0
OTU_449,0,0,0,0,0,0,0,0,0,0,0,0,0,0,0,0,0,0,0,0,0,0,0,0,0,0,0,0,0,0,0,0,0,0,0,0,0,0,0,0,0,0,0,0,0,0,0,0,0,0,0,0,0,0,0,0,0,0,0,0,0,0,0,0
OTU_750,0,0,0,0,0,0,0,0,0,0,0,0,0,0,0,0,0,79.36507937,0,0,0,0,0,0,0,0,0,0,0,0,0,0,0,0,0,0,0,0,0,0,0,0,0,0,0,0,0,0,0,0,0,0,0,0,0,0,0,0,0,0,0,0,0,0
OTU_738,0,0,0,13.51351351,0,0,0,0,0,0,0,0,0,0,0,0,0,0,0,0,0,0,0,0,0,0,0,0,0,0,0,0,0,0,0,0,0,0,0,0,0,0,0,0,0,53.33333333,0,0,0,0,113.0952381,0,20.83333333,0,0,0,0,0,0,0,0,0,0,0
OTU_729,0,0,0,0,0,0,0,0,0,0,0,0,0,0,0,0,0,0,0,0,0,0,0,0,0,0,0,0,0,0,0,0,0,0,0,0,0,0,0,0,0,0,0,0,0,0,0,0,0,0,0,0,0,0,0,0,0,0,0,0,0,0,0,0
OTU_699,0,0,0,0,0,0,0,0,0,0,0,0,0,0,0,0,0,0,0,0,0,0,0,0,0,0,0,0,0,0,0,0,0,0,0,0,0,0,0,0,0,0,0,0,0,0,0,0,0,0,0,0,0,0,0,0,0,0,0,0,0,0,0,0
OTU_764,0,0,0,0,0,0,0,0,0,0,0,0,0,0,0,0,0,0,0,0,0,0,0,0,0,0,0,0,0,0,0,0,0,0,0,0,0,0,0,0,0,0,0,0,0,0,0,0,0,0,0,0,0,0,0,0,0,0,0,0,0,0,0,0
OTU_693,0,0,0,0,0,0,0,0,0,0,0,0,0,0,0,0,0,0,0,0,0,0,0,0,0,0,0,0,0,0,0,0,0,0,0,0,0,0,0,0,0,0,0,0,0,0,0,0,0,0,0,0,0,0,0,0,0,0,0,0,0,0,0,0
OTU_663,0,0,0,0,0,0,0,0,0,0,0,0,0,0,0,0,0,0,0,0,0,0,0,0,0,0,0,0,0,0,0,0,0,0,0,0,0,0,0,0,0,0,0,0,0,0,0,0,0,0,0,0,0,0,0,0,0,0,0,0,0,0,0,0
OTU_708,0,0,0,0,0,0,0,0,0,0,0,0,0,0,37.73584906,0,0,0,0,0,0,0,0,0,0,0,0,0,0,0,0,0,0,0,0,0,0,0,0,0,0,0,0,0,0,0,0,0,0,0,0,0,0,0,0,0,0,0,0,0,0,0,0,0
OTU_11,0,0,58.82352941,148.6486486,0,10.1010101,37.03703704,14.08450704,0,0,0,0,98.03921569,22.22222222,113.2075472,0,0,0,0,0,0,0,0,0,0,0,121.2121212,8.928571429,122.4489796,0,93.75,0,0,0,0,0,0,103.4482759,0,0,0,0,96.77419355,29.41176471,0,266.6666667,0,0,0,0,107.1428571,0,41.66666667,0,0,25.64102564,37.73584906,0,0,0,26.66666667,83.33333333,0,0
OTU_202,0,0,0,0,0,0,0,0,0,0,0,0,0,0,0,0,0,0,0,0,0,0,0,0,0,0,0,0,0,0,0,0,0,0,0,0,0,0,0,0,0,0,0,0,0,0,0,0,0,0,0,0,0,0,0,0,0,0,0,0,0,0,0,0
OTU_44,0,0,0,0,0,0,0,28.16901408,0,0,0,0,0,22.22222222,0,0,0,0,0,0,0,0,0,0,0,0,0,8.928571429,0,34.48275862,0,62.5,0,0,0,0,0,0,0,0,0,0,0,0,0,0,0,0,0,0,11.9047619,0,0,0,0,0,18.86792453,0,0,0,0,0,0,0
OTU_184,0,0,0,0,0,0,0,0,0,0,0,0,0,0,0,0,0,0,0,0,0,0,0,0,0,0,0,0,0,0,0,0,34.48275862,0,0,0,0,0,0,0,0,0,0,0,0,0,0,0,0,0,0,0,0,0,0,0,0,0,0,0,0,0,0,0
OTU_702,0,0,0,0,0,0,0,0,0,0,0,0,0,0,0,0,0,0,0,0,0,0,0,0,0,0,0,0,0,0,0,0,0,0,0,0,0,0,0,0,0,0,0,0,0,0,0,0,0,0,5.952380952,0,0,0,0,0,0,0,0,0,13.33333333,0,0,0
OTU_638,0,0,0,0,0,0,0,0,0,0,0,0,0,0,0,0,0,0,0,0,0,0,0,0,0,0,0,0,0,0,0,0,0,0,0,0,0,0,0,6.289308176,0,0,0,0,0,0,0,0,0,0,0,0,0,0,4.830917874,0,0,0,0,0,0,0,0,0
OTU_234,0,0,0,0,0,0,0,0,0,0,0,0,0,0,0,0,0,0,0,0,0,0,0,0,0,0,0,0,0,0,0,0,0,0,0,0,0,0,0,0,0,0,0,0,0,0,0,0,0,0,0,0,0,0,0,0,0,0,0,0,0,0,0,0
OTU_130,0,0,0,0,0,0,37.03703704,0,0,0,0,0,0,0,0,0,0,0,0,0,0,0,0,0,22.72727273,0,0,0,0,0,0,0,0,0,0,0,0,0,0,0,0,0,0,0,0,0,0,0,0,0,0,0,0,0,0,0,0,0,0,0,0,0,0,0
OTU_590,0,0,0,40.54054054,0,0,0,0,0,0,0,0,0,0,0,0,0,0,0,0,0,0,0,0,0,0,0,0,0,0,0,0,0,0,0,0,0,0,0,0,17.24137931,0,0,0,0,0,0,0,0,0,0,0,0,0,0,0,0,0,0,0,0,0,0,0
OTU_35,0,0,0,0,0,0,0,0,0,0,0,0,0,0,0,0,0,0,0,0,0,0,0,0,0,0,0,0,0,0,0,0,0,0,0,0,0,0,0,0,0,0,0,0,0,26.66666667,0,0,0,0,0,0,0,0,0,0,0,0,0,0,0,0,0,0
OTU_72,0,0,0,0,0,0,0,0,0,0,0,0,0,0,0,0,0,0,0,0,0,0,0,0,0,0,0,0,0,0,0,0,34.48275862,0,0,0,0,0,0,0,0,0,0,0,0,0,0,0,0,0,0,0,0,0,0,0,0,0,0,0,0,0,0,0
OTU_219,0,0,0,0,0,0,0,0,0,0,0,0,0,0,0,0,0,0,0,0,0,0,0,0,0,0,0,125,0,0,0,0,34.48275862,0,0,0,0,0,0,0,0,0,0,0,0,0,0,0,0,0,0,0,0,0,0,0,0,0,0,0,0,0,0,0
OTU_264,0,0,0,0,0,30.3030303,0,0,0,0,0,0,0,0,0,0,0,0,0,0,0,0,0,0,0,0,0,0,0,0,0,0,0,0,0,0,0,0,0,0,0,0,0,0,0,0,0,0,0,0,0,0,0,0,0,0,0,0,0,0,0,0,0,0
OTU_158,0,0,0,0,0,0,0,0,0,0,0,0,0,0,0,0,0,0,0,0,0,0,0,0,0,0,0,0,0,0,0,0,0,0,0,0,0,0,0,12.57861635,0,0,0,0,0,0,0,0,0,0,0,0,0,0,0,0,0,0,0,0,0,0,0,0
